id;owner_login;label;key_hash;active;call_count;created_at
1;lava cautiously;wilt pish;oof esteemed;true;24413;2026-05-29T05:24:24
2;midwife;modulo once fat;gallivant often rightfully;false;11963;2026-05-28T20:09:15
3;under boo;aside;victorious investigate;false;27359;2026-05-29T00:46:08
4;consequently;but imagineer;tenderly yum especially;true;11052;2026-05-29T00:32:37
5;inquisitively;if yak hm;peaceful drat;true;11763;2026-05-29T04:29:01
6;amid yowza dramatize;instantly;psst decide lightly;false;27632;2026-05-29T15:15:00
7;before account embossing;jogging;regarding miserly;false;29923;2026-05-29T00:27:55
8;negligible march;fairly;cash wealthy;true;32505;2026-05-28T19:21:32
9;considerate pine;knavishly majestically;fumigate deplore inasmuch;false;3202;2026-05-29T12:08:35
10;up cuckoo heroine;er;woot;false;7872;2026-05-29T04:03:36
